Username,Login,Logout
Admin,2026-06-10 09:35:47,2026-06-10 09:35:53
Admin,2026-06-10 09:35:58,2026-06-10 09:37:53
Admin,2026-06-10 09:39:17,2026-06-10 09:39:24
Admin,2026-06-10 11:46:02,2026-06-10 11:46:10
rehan,2026-06-10 11:46:17,2026-06-10 11:46:31
Admin,2026-06-10 12:18:38,2026-06-10 12:52:16
Admin,2026-06-10 17:02:22,2026-06-10 17:16:14
Admin,2026-06-11 11:39:12,2026-06-11 11:40:27
Admin,2026-06-11 11:40:33,2026-06-11 11:41:12
rehan,2026-06-11 11:41:16,2026-06-11 11:48:16
Admin,2026-06-11 17:47:27,2026-06-11 17:47:29
Admin,2026-06-11 17:47:34,2026-06-11 17:48:05
Admin,2026-06-11 17:48:39,2026-06-11 17:48:42
Admin,2026-06-11 17:51:12,2026-06-11 17:52:12
Admin,2026-06-11 18:47:17,2026-06-11 18:52:39
admin,2026-06-11 19:05:40,2026-06-11 19:06:40
admin,2026-06-15 09:58:33,2026-06-15 11:12:51
1,2026-06-17 21:13:39,
admin,2026-06-17 21:13:47,2026-06-17 21:23:41
admin,2026-06-17 21:23:46,2026-06-17 21:23:58
1,2026-06-17 21:24:00,2026-06-17 21:24:03
admin,2026-06-17 21:24:07,
admin,2026-06-18 13:56:14,
admin,2026-06-18 15:03:07,2026-06-18 15:12:28
admin,2026-06-18 15:14:35,
admin,2026-06-18 15:27:42,
admin,2026-06-18 16:01:49,2026-06-18 17:08:22
admin,2026-06-18 17:08:26,2026-06-18 18:39:18
admin,2026-06-18 18:39:22,
admin,2026-06-18 19:44:35,2026-06-18 20:36:48
user,2026-06-18 20:36:52,2026-06-18 20:45:57
admin,2026-06-18 20:46:02,2026-06-18 21:24:59
admin,2026-06-18 21:25:03,
admin,2026-06-19 01:38:31,2026-06-19 02:11:00
admin,2026-06-19 15:45:30,2026-06-19 15:48:59
user,2026-06-19 15:57:47,
user,2026-06-21 15:18:23,
admin,2026-06-21 15:46:19,2026-06-21 15:47:18
admin,2026-06-21 16:01:03,2026-06-21 16:02:29
